"pval.exposure","beta.exposure","pos.exposure","se.exposure","samplesize.exposure","chr.exposure","id.exposure","SNP","effect_allele.exposure","other_allele.exposure","eaf.exposure","exposure","mr_keep.exposure","pval_origin.exposure","data_source.exposure"
2.14917e-09,0.00627992,109817838,0.00104906,361194,"1","ukb-d-IX_CIRCULATORY","rs660240","C","T",0.784444,"Diseases of the circulatory system || id:ukb-d-IX_CIRCULATORY",TRUE,"reported","igd"
1.91562e-08,-0.00487336,170623109,0.000867211,361194,"1","ukb-d-IX_CIRCULATORY","rs588837","G","A",0.554275,"Diseases of the circulatory system || id:ukb-d-IX_CIRCULATORY",TRUE,"reported","igd"
2.83452e-08,-0.00490912,156797702,0.00088429,361194,"3","ukb-d-IX_CIRCULATORY","rs10049090","A","G",0.398284,"Diseases of the circulatory system || id:ukb-d-IX_CIRCULATORY",TRUE,"reported","igd"
7.62606e-16,-0.00879695,111718067,0.00109137,361194,"4","ukb-d-IX_CIRCULATORY","rs6843082","A","G",0.807034,"Diseases of the circulatory system || id:ukb-d-IX_CIRCULATORY",TRUE,"reported","igd"
1.51391e-25,0.016533,161010118,0.00158246,361194,"6","ukb-d-IX_CIRCULATORY","rs10455872","G","A",0.0807558,"Diseases of the circulatory system || id:ukb-d-IX_CIRCULATORY",TRUE,"reported","igd"
9.85825e-22,0.0305443,160922870,0.00318868,361194,"6","ukb-d-IX_CIRCULATORY","rs117733303","G","A",0.0186119,"Diseases of the circulatory system || id:ukb-d-IX_CIRCULATORY",TRUE,"reported","igd"
7.05505e-17,0.00720093,22102165,0.000862748,361194,"9","ukb-d-IX_CIRCULATORY","rs7859727","T","C",0.489131,"Diseases of the circulatory system || id:ukb-d-IX_CIRCULATORY",TRUE,"reported","igd"
1.47693e-10,-0.0055646,111865049,0.000868393,361194,"12","ukb-d-IX_CIRCULATORY","rs7310615","G","C",0.518202,"Diseases of the circulatory system || id:ukb-d-IX_CIRCULATORY",TRUE,"reported","igd"
7.43156e-10,0.00563551,47484228,0.000915333,361194,"17","ukb-d-IX_CIRCULATORY","rs2233667","C","G",0.337177,"Diseases of the circulatory system || id:ukb-d-IX_CIRCULATORY",TRUE,"reported","igd"
7.03542e-10,-0.00924938,11190556,0.00150019,361194,"19","ukb-d-IX_CIRCULATORY","rs139853365","C","T",0.0997584,"Diseases of the circulatory system || id:ukb-d-IX_CIRCULATORY",TRUE,"reported","igd"
3.95112e-08,0.00478116,49219459,0.000870387,361194,"19","ukb-d-IX_CIRCULATORY","rs660745","C","T",0.547079,"Diseases of the circulatory system || id:ukb-d-IX_CIRCULATORY",TRUE,"reported","igd"
