"chr.exposure","beta.exposure","samplesize.exposure","pval.exposure","pos.exposure","se.exposure","id.exposure","SNP","effect_allele.exposure","other_allele.exposure","eaf.exposure","exposure","mr_keep.exposure","pval_origin.exposure","data_source.exposure"
"1",0.00189512,361194,4.33581e-08,222786032,0.000346033,"ukb-d-I9_MI_STRICT","rs1909196","C","T",0.679605,"Myocardial infarction, strict || id:ukb-d-I9_MI_STRICT",TRUE,"reported","igd"
"1",-0.00226118,361194,5.5372e-09,109817590,0.000387831,"ukb-d-I9_MI_STRICT","rs12740374","T","G",0.221809,"Myocardial infarction, strict || id:ukb-d-I9_MI_STRICT",TRUE,"reported","igd"
"2",0.00327357,361194,7.40457e-11,203829582,0.000502665,"ukb-d-I9_MI_STRICT","rs150289443","TTA","T",0.120136,"Myocardial infarction, strict || id:ukb-d-I9_MI_STRICT",TRUE,"reported","igd"
"6",0.00945841,361194,5.68198e-16,160816409,0.00116823,"ukb-d-I9_MI_STRICT","rs1510226","C","T",0.0195761,"Myocardial infarction, strict || id:ukb-d-I9_MI_STRICT",TRUE,"reported","igd"
"6",0.00202898,361194,6.40177e-10,12903957,0.000328294,"ukb-d-I9_MI_STRICT","rs9349379","G","A",0.405522,"Myocardial infarction, strict || id:ukb-d-I9_MI_STRICT",TRUE,"reported","igd"
"6",0.0065218,361194,3.1232e-28,161010118,0.000591863,"ukb-d-I9_MI_STRICT","rs10455872","G","A",0.0807558,"Myocardial infarction, strict || id:ukb-d-I9_MI_STRICT",TRUE,"reported","igd"
"9",0.00398365,361194,4.88315e-35,22103813,0.000322534,"ukb-d-I9_MI_STRICT","rs1333042","G","A",0.498058,"Myocardial infarction, strict || id:ukb-d-I9_MI_STRICT",TRUE,"reported","igd"
"12",-0.0023299,361194,5.09683e-13,111907431,0.000322568,"ukb-d-I9_MI_STRICT","rs35350651","AC","A",0.503996,"Myocardial infarction, strict || id:ukb-d-I9_MI_STRICT",TRUE,"reported","igd"
"19",0.00269299,361194,2.14753e-10,45424351,0.000424053,"ukb-d-I9_MI_STRICT","rs814573","T","A",0.187345,"Myocardial infarction, strict || id:ukb-d-I9_MI_STRICT",TRUE,"reported","igd"
"21",0.00279752,361194,9.08636e-09,35593827,0.000486771,"ukb-d-I9_MI_STRICT","rs28451064","A","G",0.13177,"Myocardial infarction, strict || id:ukb-d-I9_MI_STRICT",TRUE,"reported","igd"
